{"cameraMode":{"drawMode":0,"name":"Shaded","section":"Shading Mode"},"sceneLighting":false,"audioPlay":false,"sceneViewState":{"showFog":true,"showMaterialUpdate":false,"showSkybox":false,"showFlares":true,"showImageEffects":true,"showParticleSystems":true,"showVisualEffectGraphs":true,"m_FxEnabled":true},"in2DMode":false,"pivot":{"x":532.6471557617188,"y":391.78759765625,"z":1.191192626953125},"rotation":{"x":0.0026904973201453687,"y":0.0035996660590171816,"z":-0.00009873533417703584,"w":-1.0000301599502564},"size":368.8860168457031,"orthographic":false}