{"cameraMode":{"drawMode":0,"name":"Shaded","section":"Shading Mode"},"sceneLighting":false,"audioPlay":false,"sceneViewState":{"showFog":true,"showMaterialUpdate":false,"showSkybox":false,"showFlares":true,"showImageEffects":true,"showParticleSystems":true,"showVisualEffectGraphs":true,"m_FxEnabled":true},"in2DMode":false,"pivot":{"x":517.3526611328125,"y":309.0966491699219,"z":189.75906372070313},"rotation":{"x":0.004189307801425457,"y":-0.002400368684902787,"z":-0.00010771324014058337,"w":-1.0000317096710206},"size":407.86456298828127,"orthographic":false}