{"cameraMode":{"drawMode":0,"name":"Shaded","section":"Shading Mode"},"sceneLighting":false,"audioPlay":false,"sceneViewState":{"showFog":true,"showMaterialUpdate":false,"showSkybox":false,"showFlares":true,"showImageEffects":true,"showParticleSystems":true,"showVisualEffectGraphs":true,"m_FxEnabled":true},"in2DMode":false,"pivot":{"x":454.4447937011719,"y":275.7287292480469,"z":190.31655883789063},"rotation":{"x":0.004189307801425457,"y":-0.002400368684902787,"z":-0.00010771324014058337,"w":-1.0000317096710206},"size":344.10565185546877,"orthographic":false}