{"cameraMode":{"drawMode":0,"name":"Shaded","section":"Shading Mode"},"sceneLighting":false,"audioPlay":false,"sceneViewState":{"showFog":true,"showMaterialUpdate":false,"showSkybox":false,"showFlares":true,"showImageEffects":true,"showParticleSystems":true,"showVisualEffectGraphs":true,"m_FxEnabled":true},"in2DMode":false,"pivot":{"x":174.6473388671875,"y":111.72950744628906,"z":157.91793823242188},"rotation":{"x":-0.0841832384467125,"y":0.025996588170528413,"z":-0.0022947750985622408,"w":-0.9961524605751038},"size":302.7635192871094,"orthographic":false}