{"cameraMode":{"drawMode":0,"name":"Shaded","section":"Shading Mode"},"sceneLighting":false,"audioPlay":false,"sceneViewState":{"showFog":true,"showMaterialUpdate":false,"showSkybox":false,"showFlares":true,"showImageEffects":true,"showParticleSystems":true,"showVisualEffectGraphs":true,"m_FxEnabled":true},"in2DMode":false,"pivot":{"x":355.51446533203127,"y":197.14955139160157,"z":181.92807006835938},"rotation":{"x":-0.0841832384467125,"y":0.025996588170528413,"z":-0.0022947750985622408,"w":-0.9961524605751038},"size":377.2984619140625,"orthographic":false}