{"cameraMode":{"drawMode":0,"name":"Shaded","section":"Shading Mode"},"sceneLighting":false,"audioPlay":false,"sceneViewState":{"showFog":true,"showMaterialUpdate":false,"showSkybox":false,"showFlares":true,"showImageEffects":true,"showParticleSystems":true,"showVisualEffectGraphs":true,"m_FxEnabled":true},"in2DMode":false,"pivot":{"x":451.9045715332031,"y":282.7232666015625,"z":-0.0037841796875},"rotation":{"x":0.0026898570358753206,"y":-0.002400539116933942,"z":-0.00011493721103761345,"w":-1.0000331401824952},"size":297.0191345214844,"orthographic":false}