{"cameraMode":{"drawMode":0,"name":"Shaded","section":"Shading Mode"},"sceneLighting":false,"audioPlay":false,"sceneViewState":{"showFog":true,"showMaterialUpdate":false,"showSkybox":false,"showFlares":true,"showImageEffects":true,"showParticleSystems":true,"showVisualEffectGraphs":true,"m_FxEnabled":true},"in2DMode":false,"pivot":{"x":490.5089111328125,"y":348.11676025390627,"z":-3.7767434120178224},"rotation":{"x":-0.01980934850871563,"y":0.00021595016005448997,"z":0.002615696983411908,"w":-1.000168800354004},"size":295.148681640625,"orthographic":false}