{"cameraMode":{"drawMode":0,"name":"Shaded","section":"Shading Mode"},"sceneLighting":true,"audioPlay":false,"sceneViewState":{"showFog":true,"showMaterialUpdate":false,"showSkybox":true,"showFlares":true,"showImageEffects":true,"showParticleSystems":true,"showVisualEffectGraphs":true,"m_FxEnabled":true},"in2DMode":false,"pivot":{"x":625.5833129882813,"y":394.9287414550781,"z":0.8623046875},"rotation":{"x":0.0026904973201453687,"y":0.0035996660590171816,"z":-0.00009873533417703584,"w":-1.0000301599502564},"size":309.5523681640625,"orthographic":false}