{"cameraMode":{"drawMode":0,"name":"Shaded","section":"Shading Mode"},"sceneLighting":true,"audioPlay":false,"sceneViewState":{"showFog":true,"showMaterialUpdate":false,"showSkybox":true,"showFlares":true,"showImageEffects":true,"showParticleSystems":true,"showVisualEffectGraphs":true,"m_FxEnabled":true},"in2DMode":false,"pivot":{"x":0.8678135871887207,"y":4.7691144943237309,"z":-1.3538398742675782},"rotation":{"x":-0.04230240732431412,"y":-0.002401825739070773,"z":0.00002282525565533433,"w":-0.9991598129272461},"size":5.7977423667907719,"orthographic":false}