{"cameraMode":{"drawMode":0,"name":"Shaded","section":"Shading Mode"},"sceneLighting":true,"audioPlay":false,"sceneViewState":{"showFog":true,"showMaterialUpdate":false,"showSkybox":true,"showFlares":true,"showImageEffects":true,"showParticleSystems":true,"showVisualEffectGraphs":true,"m_FxEnabled":true},"in2DMode":false,"pivot":{"x":265.09002685546877,"y":200.859619140625,"z":8.769073486328125},"rotation":{"x":-0.10213398933410645,"y":-0.008367102593183518,"z":0.0007591381436213851,"w":-0.9947792291641235},"size":260.8888244628906,"orthographic":false}