{"cameraMode":{"drawMode":0,"name":"Shaded","section":"Shading Mode"},"sceneLighting":true,"audioPlay":false,"sceneViewState":{"showFog":true,"showMaterialUpdate":false,"showSkybox":true,"showFlares":true,"showImageEffects":true,"showParticleSystems":true,"showVisualEffectGraphs":true,"m_FxEnabled":true},"in2DMode":false,"pivot":{"x":-33.38224792480469,"y":0.2419586181640625,"z":-12.763387680053711},"rotation":{"x":0.027994545176625253,"y":0.9538812637329102,"z":-0.2816125452518463,"w":0.10370194166898728},"size":18.294292449951173,"orthographic":false}