{"cameraMode":{"drawMode":0,"name":"Shaded","section":"Shading Mode"},"sceneLighting":true,"audioPlay":false,"sceneViewState":{"showFog":true,"showMaterialUpdate":false,"showSkybox":true,"showFlares":true,"showImageEffects":true,"showParticleSystems":true,"showVisualEffectGraphs":true,"m_FxEnabled":true},"in2DMode":false,"pivot":{"x":491.9909973144531,"y":246.5622100830078,"z":36.24957275390625},"rotation":{"x":-0.049822598695755008,"y":0.009287085384130478,"z":0.002170935971662402,"w":-0.9990822672843933},"size":487.5651550292969,"orthographic":false}