{"cameraMode":{"drawMode":0,"name":"Shaded","section":"Shading Mode"},"sceneLighting":true,"audioPlay":false,"sceneViewState":{"showFog":true,"showMaterialUpdate":false,"showSkybox":true,"showFlares":true,"showImageEffects":true,"showParticleSystems":true,"showVisualEffectGraphs":true,"m_FxEnabled":true},"in2DMode":false,"pivot":{"x":-17.278427124023439,"y":-49.05792999267578,"z":74.77581787109375},"rotation":{"x":-0.26971715688705447,"y":-0.040181808173656467,"z":0.011165986768901348,"w":-0.9621375799179077},"size":71.36792755126953,"orthographic":false}