{"cameraMode":{"drawMode":0,"name":"Shaded","section":"Shading Mode"},"sceneLighting":true,"audioPlay":false,"sceneViewState":{"showFog":true,"showMaterialUpdate":false,"showSkybox":true,"showFlares":true,"showImageEffects":true,"showParticleSystems":true,"showVisualEffectGraphs":true,"m_FxEnabled":true},"in2DMode":false,"pivot":{"x":-0.8612337112426758,"y":-0.17890405654907227,"z":0.06901168823242188},"rotation":{"x":-0.09074994176626206,"y":0.8978880643844605,"z":-0.22002287209033967,"w":-0.3703407347202301},"size":2.9965620040893556,"orthographic":false}