{"cameraMode":{"drawMode":0,"name":"Shaded","section":"Shading Mode"},"sceneLighting":true,"audioPlay":false,"sceneViewState":{"showFog":true,"showMaterialUpdate":false,"showSkybox":true,"showFlares":true,"showImageEffects":true,"showParticleSystems":true,"showVisualEffectGraphs":true,"m_FxEnabled":true},"in2DMode":false,"pivot":{"x":483.14471435546877,"y":168.3153533935547,"z":25.00311279296875},"rotation":{"x":-0.09024062752723694,"y":0.013850357383489609,"z":0.0013857134617865086,"w":-0.9961934089660645},"size":466.56951904296877,"orthographic":false}