{"cameraMode":{"drawMode":0,"name":"Shaded","section":"Shading Mode"},"sceneLighting":true,"audioPlay":false,"sceneViewState":{"showFog":true,"showMaterialUpdate":false,"showSkybox":true,"showFlares":true,"showImageEffects":true,"showParticleSystems":true,"showVisualEffectGraphs":true,"m_FxEnabled":true},"in2DMode":false,"pivot":{"x":521.2506713867188,"y":164.79623413085938,"z":29.15582275390625},"rotation":{"x":-0.07669660449028015,"y":-0.017586970701813699,"z":0.003988735377788544,"w":-0.9972614049911499},"size":472.9633483886719,"orthographic":false}