{"cameraMode":{"drawMode":0,"name":"Shaded","section":"Shading Mode"},"sceneLighting":true,"audioPlay":false,"sceneViewState":{"showFog":true,"showMaterialUpdate":false,"showSkybox":true,"showFlares":true,"showImageEffects":true,"showParticleSystems":true,"showVisualEffectGraphs":true,"m_FxEnabled":true},"in2DMode":false,"pivot":{"x":-10.46009635925293,"y":4.543426513671875,"z":-0.7080173492431641},"rotation":{"x":-0.15260256826877595,"y":-0.03057248517870903,"z":0.007385234348475933,"w":-0.9881607294082642},"size":13.582149505615235,"orthographic":false}