{"cameraMode":{"drawMode":0,"name":"Shaded","section":"Shading Mode"},"sceneLighting":true,"audioPlay":false,"sceneViewState":{"showFog":true,"showMaterialUpdate":false,"showSkybox":true,"showFlares":true,"showImageEffects":true,"showParticleSystems":true,"showVisualEffectGraphs":true,"m_FxEnabled":true},"in2DMode":false,"pivot":{"x":446.47344970703127,"y":242.12295532226563,"z":-0.3526611328125},"rotation":{"x":-0.009313075803220272,"y":-0.0024012650828808548,"z":-0.00005644198972731829,"w":-1.0000114440917969},"size":232.40394592285157,"orthographic":false}