{"cameraMode":{"drawMode":0,"name":"Shaded","section":"Shading Mode"},"sceneLighting":true,"audioPlay":false,"sceneViewState":{"showFog":true,"showMaterialUpdate":false,"showSkybox":true,"showFlares":true,"showImageEffects":true,"showParticleSystems":true,"showVisualEffectGraphs":true,"m_FxEnabled":true},"in2DMode":false,"pivot":{"x":2.7891464233398439,"y":-1.7407643795013428,"z":3.9396257400512697},"rotation":{"x":-0.31581810116767886,"y":0.0048075225204229359,"z":-0.0017039838712662459,"w":-0.948849081993103},"size":11.572859764099121,"orthographic":false}