{"cameraMode":{"drawMode":0,"name":"Shaded","section":"Shading Mode"},"sceneLighting":true,"audioPlay":false,"sceneViewState":{"showFog":true,"showMaterialUpdate":false,"showSkybox":true,"showFlares":true,"showImageEffects":true,"showParticleSystems":true,"showVisualEffectGraphs":true,"m_FxEnabled":true},"in2DMode":false,"pivot":{"x":-1.4929957389831544,"y":-0.28447437286376955,"z":2.6062169075012209},"rotation":{"x":-0.18802134692668916,"y":0.21231192350387574,"z":-0.04177733510732651,"w":-0.9580751061439514},"size":2.511181116104126,"orthographic":false}