{"cameraMode":{"drawMode":0,"name":"Shaded","section":"Shading Mode"},"sceneLighting":true,"audioPlay":false,"sceneViewState":{"showFog":true,"showMaterialUpdate":false,"showSkybox":true,"showFlares":true,"showImageEffects":true,"showParticleSystems":true,"showVisualEffectGraphs":true,"m_FxEnabled":true},"in2DMode":false,"pivot":{"x":-14.967130661010743,"y":61.012664794921878,"z":41.28794860839844},"rotation":{"x":-0.025848187506198884,"y":0.9655305743217468,"z":-0.23661190271377564,"w":-0.10587641596794129},"size":16.183313369750978,"orthographic":false}