{"cameraMode":{"drawMode":0,"name":"Shaded","section":"Shading Mode"},"sceneLighting":true,"audioPlay":false,"sceneViewState":{"showFog":true,"showMaterialUpdate":false,"showSkybox":true,"showFlares":true,"showImageEffects":true,"showParticleSystems":true,"showVisualEffectGraphs":true,"m_FxEnabled":true},"in2DMode":false,"pivot":{"x":407.84674072265627,"y":289.10321044921877,"z":146.05126953125},"rotation":{"x":0.010812867432832718,"y":-0.0011924284044653178,"z":0.00009399958071298897,"w":1.000001311302185},"size":409.35595703125,"orthographic":false}