{"cameraMode":{"drawMode":0,"name":"Shaded","section":"Shading Mode"},"sceneLighting":true,"audioPlay":false,"sceneViewState":{"showFog":true,"showMaterialUpdate":false,"showSkybox":true,"showFlares":true,"showImageEffects":true,"showParticleSystems":true,"showVisualEffectGraphs":true,"m_FxEnabled":true},"in2DMode":false,"pivot":{"x":-0.09941411018371582,"y":-11.244354248046875,"z":-34.164310455322269},"rotation":{"x":-0.00735893240198493,"y":0.980597734451294,"z":-0.19247159361839295,"w":-0.03798304498195648},"size":25.651302337646486,"orthographic":false}