{"cameraMode":{"drawMode":0,"name":"Shaded","section":"Shading Mode"},"sceneLighting":true,"audioPlay":false,"sceneViewState":{"showFog":true,"showMaterialUpdate":false,"showSkybox":true,"showFlares":true,"showImageEffects":true,"showParticleSystems":true,"showVisualEffectGraphs":true,"m_FxEnabled":true},"in2DMode":false,"pivot":{"x":-13.998183250427246,"y":5.842516899108887,"z":-6.642958641052246},"rotation":{"x":-0.10212871432304383,"y":-0.006867040414363146,"z":0.0007050055428408086,"w":-0.9947476983070374},"size":8.812024116516114,"orthographic":false}