{"cameraMode":{"drawMode":0,"name":"Shaded","section":"Shading Mode"},"sceneLighting":true,"audioPlay":false,"sceneViewState":{"showFog":true,"showMaterialUpdate":false,"showSkybox":true,"showFlares":true,"showImageEffects":true,"showParticleSystems":true,"showVisualEffectGraphs":true,"m_FxEnabled":true},"in2DMode":false,"pivot":{"x":542.2172241210938,"y":323.40863037109377,"z":223.45599365234376},"rotation":{"x":0.004190679173916578,"y":0.003596533788368106,"z":0.00001498658093623817,"w":-0.9999838471412659},"size":330.873046875,"orthographic":false}