{"cameraMode":{"drawMode":0,"name":"Shaded","section":"Shading Mode"},"sceneLighting":true,"audioPlay":false,"sceneViewState":{"showFog":true,"showMaterialUpdate":false,"showSkybox":true,"showFlares":true,"showImageEffects":true,"showParticleSystems":true,"showVisualEffectGraphs":true,"m_FxEnabled":true},"in2DMode":false,"pivot":{"x":543.6232299804688,"y":343.9392395019531,"z":-0.34832763671875},"rotation":{"x":-0.004809394478797913,"y":0.005096741486340761,"z":-0.000024532380848540924,"w":-0.9999758005142212},"size":281.0865783691406,"orthographic":false}