{"cameraMode":{"drawMode":0,"name":"Shaded","section":"Shading Mode"},"sceneLighting":true,"audioPlay":false,"sceneViewState":{"showFog":true,"showMaterialUpdate":false,"showSkybox":true,"showFlares":true,"showImageEffects":true,"showParticleSystems":true,"showVisualEffectGraphs":true,"m_FxEnabled":true},"in2DMode":false,"pivot":{"x":209.81753540039063,"y":187.90304565429688,"z":16.17604637145996},"rotation":{"x":0.0026900561060756447,"y":0.021594788879156114,"z":0.00005807901106891222,"w":-0.9997630715370178},"size":370.23065185546877,"orthographic":false}