{"cameraMode":{"drawMode":0,"name":"Shaded","section":"Shading Mode"},"sceneLighting":false,"audioPlay":false,"sceneViewState":{"showFog":true,"showMaterialUpdate":false,"showSkybox":false,"showFlares":true,"showImageEffects":true,"showParticleSystems":true,"showVisualEffectGraphs":true,"m_FxEnabled":true},"in2DMode":false,"pivot":{"x":423.5409851074219,"y":231.70504760742188,"z":-9.79388427734375},"rotation":{"x":-0.009313075803220272,"y":-0.0024012650828808548,"z":-0.00005644198972731829,"w":-1.0000114440917969},"size":210.78416442871095,"orthographic":false}