{"cameraMode":{"drawMode":0,"name":"Shaded","section":"Shading Mode"},"sceneLighting":false,"audioPlay":false,"sceneViewState":{"showFog":true,"showMaterialUpdate":false,"showSkybox":false,"showFlares":true,"showImageEffects":true,"showParticleSystems":true,"showVisualEffectGraphs":true,"m_FxEnabled":true},"in2DMode":false,"pivot":{"x":499.8641357421875,"y":430.94195556640627,"z":-6.444465637207031},"rotation":{"x":-0.009313075803220272,"y":-0.0024012650828808548,"z":-0.00005644198972731829,"w":-1.0000114440917969},"size":159.8577880859375,"orthographic":false}